{
  "traditional": {
    "precision": 0.088,
    "recall": 0.04814004376367615,
    "f1": 0.06223479490806224,
    "true_positives": 88,
    "false_positives": 912,
    "false_negatives": 1740,
    "flagged_lines": 1000,
    "anomaly_lines": 1828,
    "total_lines": 50000
  },
  "template_coverage": {
    "unique_templates_found": 13,
    "unique_templates_total": 25,
    "template_recall": 0.52,
    "template_precision": 1.0,
    "template_f1": 0.6842105263157895,
    "found_templates": [
      "E11",
      "E13",
      "E16",
      "E18",
      "E2",
      "E21",
      "E22",
      "E25",
      "E26",
      "E27",
      "E5",
      "E6",
      "E9"
    ],
    "missed_templates": [
      "E10",
      "E12",
      "E14",
      "E15",
      "E19",
      "E20",
      "E23",
      "E28",
      "E3",
      "E4",
      "E7",
      "E8"
    ]
  },
  "rare_detection": {
    "rare_templates_found": 7,
    "rare_templates_total": 16,
    "rare_template_recall": 0.4375,
    "found_rare": [
      "E13",
      "E16",
      "E18",
      "E2",
      "E25",
      "E27",
      "E6"
    ],
    "missed_rare": [
      "E10",
      "E12",
      "E14",
      "E15",
      "E19",
      "E20",
      "E28",
      "E7",
      "E8"
    ],
    "threshold": 100
  },
  "frequency_weighted_recall": 0.20457177224265372,
  "template_counts": {
    "E22": 275,
    "E5": 599,
    "E7": 82,
    "E26": 417,
    "E11": 357,
    "E9": 352,
    "E3": 667,
    "E4": 381,
    "E23": 351,
    "E21": 360,
    "E20": 54,
    "E28": 60,
    "E27": 7,
    "E2": 23,
    "E25": 7,
    "E18": 7,
    "E6": 8,
    "E16": 7,
    "E13": 6,
    "E12": 2,
    "E14": 5,
    "E10": 3,
    "E8": 2,
    "E15": 1,
    "E19": 1
  },
  "anomaly_templates": [
    "E10",
    "E11",
    "E12",
    "E13",
    "E14",
    "E15",
    "E16",
    "E18",
    "E19",
    "E2",
    "E20",
    "E21",
    "E22",
    "E23",
    "E25",
    "E26",
    "E27",
    "E28",
    "E3",
    "E4",
    "E5",
    "E6",
    "E7",
    "E8",
    "E9"
  ],
  "sampled_sessions": 4806,
  "anomaly_sessions": 275,
  "flagged_templates_detail": [
    "E11",
    "E13",
    "E16",
    "E18",
    "E2",
    "E21",
    "E22",
    "E25",
    "E26",
    "E27",
    "E5",
    "E6",
    "E9"
  ]
}