{
  "traditional": {
    "precision": 0.0906,
    "recall": 0.04498063747393506,
    "f1": 0.06011545352000531,
    "true_positives": 453,
    "false_positives": 4547,
    "false_negatives": 9618,
    "flagged_lines": 5000,
    "anomaly_lines": 10071,
    "total_lines": 250000
  },
  "template_coverage": {
    "unique_templates_found": 20,
    "unique_templates_total": 25,
    "template_recall": 0.8,
    "template_precision": 1.0,
    "template_f1": 0.888888888888889,
    "found_templates": [
      "E10",
      "E11",
      "E12",
      "E13",
      "E14",
      "E15",
      "E16",
      "E18",
      "E19",
      "E2",
      "E21",
      "E22",
      "E25",
      "E26",
      "E27",
      "E5",
      "E6",
      "E7",
      "E8",
      "E9"
    ],
    "missed_templates": [
      "E20",
      "E23",
      "E28",
      "E3",
      "E4"
    ]
  },
  "rare_detection": {
    "rare_templates_found": 12,
    "rare_templates_total": 12,
    "rare_template_recall": 1.0,
    "found_rare": [
      "E10",
      "E12",
      "E13",
      "E14",
      "E15",
      "E16",
      "E18",
      "E19",
      "E25",
      "E27",
      "E6",
      "E8"
    ],
    "missed_rare": [],
    "threshold": 100
  },
  "frequency_weighted_recall": 0.9969692690376469,
  "template_counts": {
    "E5": 2983,
    "E22": 1301,
    "E13": 21,
    "E11": 1958,
    "E9": 1950,
    "E26": 2256,
    "E3": 3262,
    "E2": 143,
    "E23": 1952,
    "E21": 1987,
    "E7": 346,
    "E27": 39,
    "E4": 1760,
    "E28": 272,
    "E20": 330,
    "E25": 33,
    "E18": 33,
    "E6": 37,
    "E16": 33,
    "E10": 6,
    "E12": 3,
    "E14": 8,
    "E15": 3,
    "E8": 2,
    "E19": 1
  },
  "anomaly_templates": [
    "E10",
    "E11",
    "E12",
    "E13",
    "E14",
    "E15",
    "E16",
    "E18",
    "E19",
    "E2",
    "E20",
    "E21",
    "E22",
    "E23",
    "E25",
    "E26",
    "E27",
    "E28",
    "E3",
    "E4",
    "E5",
    "E6",
    "E7",
    "E8",
    "E9"
  ],
  "sampled_sessions": 22026,
  "anomaly_sessions": 1301,
  "flagged_templates_detail": [
    "E10",
    "E11",
    "E12",
    "E13",
    "E14",
    "E15",
    "E16",
    "E18",
    "E19",
    "E2",
    "E21",
    "E22",
    "E25",
    "E26",
    "E27",
    "E5",
    "E6",
    "E7",
    "E8",
    "E9"
  ]
}