{
  "traditional": {
    "precision": 0.2384,
    "recall": 0.1136374469707803,
    "f1": 0.15391071370928694,
    "true_positives": 2384,
    "false_positives": 7616,
    "false_negatives": 18595,
    "flagged_lines": 10000,
    "anomaly_lines": 20979,
    "total_lines": 500000
  },
  "template_coverage": {
    "unique_templates_found": 22,
    "unique_templates_total": 26,
    "template_recall": 0.8461538461538461,
    "template_precision": 1.0,
    "template_f1": 0.9166666666666666,
    "found_templates": [
      "E10",
      "E11",
      "E12",
      "E13",
      "E14",
      "E15",
      "E16",
      "E18",
      "E2",
      "E20",
      "E21",
      "E22",
      "E24",
      "E25",
      "E26",
      "E27",
      "E29",
      "E5",
      "E6",
      "E7",
      "E8",
      "E9"
    ],
    "missed_templates": [
      "E17",
      "E23",
      "E3",
      "E4"
    ]
  },
  "rare_detection": {
    "rare_templates_found": 7,
    "rare_templates_total": 8,
    "rare_template_recall": 0.875,
    "found_rare": [
      "E10",
      "E12",
      "E14",
      "E15",
      "E24",
      "E29",
      "E8"
    ],
    "missed_rare": [
      "E17"
    ],
    "threshold": 100
  },
  "frequency_weighted_recall": 0.8208596686346022,
  "template_counts": {
    "E5": 9693,
    "E22": 2652,
    "E11": 7212,
    "E9": 7190,
    "E26": 10981,
    "E25": 2077,
    "E18": 2077,
    "E6": 2077,
    "E16": 2059,
    "E21": 9258,
    "E23": 7332,
    "E20": 1012,
    "E7": 177,
    "E13": 234,
    "E2": 920,
    "E3": 3225,
    "E4": 2186,
    "E27": 160,
    "E10": 13,
    "E14": 22,
    "E8": 9,
    "E29": 13,
    "E17": 3,
    "E24": 2,
    "E15": 5,
    "E12": 2
  },
  "anomaly_templates": [
    "E10",
    "E11",
    "E12",
    "E13",
    "E14",
    "E15",
    "E16",
    "E17",
    "E18",
    "E2",
    "E20",
    "E21",
    "E22",
    "E23",
    "E24",
    "E25",
    "E26",
    "E27",
    "E29",
    "E3",
    "E4",
    "E5",
    "E6",
    "E7",
    "E8",
    "E9"
  ],
  "sampled_sessions": 70043,
  "anomaly_sessions": 2652,
  "flagged_templates_detail": [
    "E10",
    "E11",
    "E12",
    "E13",
    "E14",
    "E15",
    "E16",
    "E18",
    "E2",
    "E20",
    "E21",
    "E22",
    "E24",
    "E25",
    "E26",
    "E27",
    "E29",
    "E5",
    "E6",
    "E7",
    "E8",
    "E9"
  ]
}