{
  "traditional": {
    "precision": 0.0603,
    "recall": 0.06888673102187697,
    "f1": 0.06430799584077639,
    "true_positives": 1206,
    "false_positives": 18794,
    "false_negatives": 16301,
    "flagged_lines": 20000,
    "anomaly_lines": 17507,
    "total_lines": 1000000
  },
  "template_coverage": {
    "unique_templates_found": 24,
    "unique_templates_total": 26,
    "template_recall": 0.9230769230769231,
    "template_precision": 1.0,
    "template_f1": 0.9600000000000001,
    "found_templates": [
      "E10",
      "E11",
      "E12",
      "E13",
      "E14",
      "E15",
      "E16",
      "E18",
      "E2",
      "E20",
      "E21",
      "E22",
      "E23",
      "E25",
      "E26",
      "E27",
      "E28",
      "E3",
      "E4",
      "E5",
      "E6",
      "E7",
      "E8",
      "E9"
    ],
    "missed_templates": [
      "E17",
      "E29"
    ]
  },
  "rare_detection": {
    "rare_templates_found": 6,
    "rare_templates_total": 8,
    "rare_template_recall": 0.75,
    "found_rare": [
      "E10",
      "E12",
      "E14",
      "E15",
      "E28",
      "E8"
    ],
    "missed_rare": [
      "E17",
      "E29"
    ],
    "threshold": 100
  },
  "frequency_weighted_recall": 0.4785666458814221,
  "template_counts": {
    "E22": 2270,
    "E5": 7946,
    "E11": 5319,
    "E9": 5292,
    "E26": 8868,
    "E3": 3745,
    "E4": 1943,
    "E25": 1862,
    "E18": 1862,
    "E6": 1862,
    "E16": 1838,
    "E21": 6950,
    "E23": 5118,
    "E20": 591,
    "E2": 475,
    "E27": 164,
    "E7": 289,
    "E29": 22,
    "E13": 162,
    "E10": 16,
    "E14": 27,
    "E8": 8,
    "E12": 10,
    "E15": 9,
    "E28": 2,
    "E17": 1
  },
  "anomaly_templates": [
    "E10",
    "E11",
    "E12",
    "E13",
    "E14",
    "E15",
    "E16",
    "E17",
    "E18",
    "E2",
    "E20",
    "E21",
    "E22",
    "E23",
    "E25",
    "E26",
    "E27",
    "E28",
    "E29",
    "E3",
    "E4",
    "E5",
    "E6",
    "E7",
    "E8",
    "E9"
  ],
  "sampled_sessions": 98528,
  "anomaly_sessions": 2270,
  "flagged_templates_detail": [
    "E10",
    "E11",
    "E12",
    "E13",
    "E14",
    "E15",
    "E16",
    "E18",
    "E2",
    "E20",
    "E21",
    "E22",
    "E23",
    "E25",
    "E26",
    "E27",
    "E28",
    "E3",
    "E4",
    "E5",
    "E6",
    "E7",
    "E8",
    "E9"
  ]
}