{
  "traditional": {
    "precision": 0.0378,
    "recall": 0.07007786429365963,
    "f1": 0.04911004287384696,
    "true_positives": 189,
    "false_positives": 4811,
    "false_negatives": 2508,
    "flagged_lines": 5000,
    "anomaly_lines": 2697,
    "total_lines": 250000
  },
  "template_coverage": {
    "unique_templates_found": 21,
    "unique_templates_total": 25,
    "template_recall": 0.84,
    "template_precision": 1.0,
    "template_f1": 0.9130434782608696,
    "found_templates": [
      "E1",
      "E10",
      "E11",
      "E13",
      "E15",
      "E16",
      "E18",
      "E19",
      "E2",
      "E20",
      "E21",
      "E22",
      "E23",
      "E25",
      "E26",
      "E27",
      "E28",
      "E5",
      "E6",
      "E7",
      "E9"
    ],
    "missed_templates": [
      "E12",
      "E14",
      "E29",
      "E8"
    ]
  },
  "rare_detection": {
    "rare_templates_found": 11,
    "rare_templates_total": 15,
    "rare_template_recall": 0.7333333333333333,
    "found_rare": [
      "E1",
      "E10",
      "E15",
      "E16",
      "E18",
      "E19",
      "E2",
      "E25",
      "E27",
      "E28",
      "E6"
    ],
    "missed_rare": [
      "E12",
      "E14",
      "E29",
      "E8"
    ],
    "threshold": 100
  },
  "frequency_weighted_recall": 0.3822333022473106,
  "template_counts": {
    "E22": 557,
    "E5": 1502,
    "E13": 102,
    "E11": 1123,
    "E9": 1117,
    "E26": 1229,
    "E23": 1050,
    "E21": 1141,
    "E25": 96,
    "E18": 96,
    "E6": 93,
    "E16": 90,
    "E7": 102,
    "E20": 206,
    "E2": 31,
    "E27": 63,
    "E19": 2,
    "E10": 3,
    "E1": 4,
    "E28": 9,
    "E12": 1,
    "E14": 2,
    "E8": 1,
    "E15": 3,
    "E29": 6
  },
  "anomaly_templates": [
    "E1",
    "E10",
    "E11",
    "E12",
    "E13",
    "E14",
    "E15",
    "E16",
    "E18",
    "E19",
    "E2",
    "E20",
    "E21",
    "E22",
    "E23",
    "E25",
    "E26",
    "E27",
    "E28",
    "E29",
    "E5",
    "E6",
    "E7",
    "E8",
    "E9"
  ],
  "sampled_sessions": 35485,
  "anomaly_sessions": 557,
  "flagged_templates_detail": [
    "E1",
    "E10",
    "E11",
    "E13",
    "E15",
    "E16",
    "E18",
    "E19",
    "E2",
    "E20",
    "E21",
    "E22",
    "E23",
    "E25",
    "E26",
    "E27",
    "E28",
    "E5",
    "E6",
    "E7",
    "E9"
  ]
}