{
  "traditional": {
    "precision": 0.029,
    "recall": 0.0190664036817883,
    "f1": 0.023006743355811186,
    "true_positives": 58,
    "false_positives": 1942,
    "false_negatives": 2984,
    "flagged_lines": 2000,
    "anomaly_lines": 3042,
    "total_lines": 100000
  },
  "template_coverage": {
    "unique_templates_found": 14,
    "unique_templates_total": 22,
    "template_recall": 0.6363636363636364,
    "template_precision": 1.0,
    "template_f1": 0.7777777777777778,
    "found_templates": [
      "E11",
      "E16",
      "E18",
      "E2",
      "E21",
      "E22",
      "E25",
      "E26",
      "E28",
      "E3",
      "E4",
      "E5",
      "E6",
      "E9"
    ],
    "missed_templates": [
      "E13",
      "E17",
      "E20",
      "E23",
      "E24",
      "E27",
      "E29",
      "E7"
    ]
  },
  "rare_detection": {
    "rare_templates_found": 1,
    "rare_templates_total": 7,
    "rare_template_recall": 0.14285714285714285,
    "found_rare": [
      "E28"
    ],
    "missed_rare": [
      "E13",
      "E17",
      "E24",
      "E27",
      "E29",
      "E7"
    ],
    "threshold": 100
  },
  "frequency_weighted_recall": 0.24991365171222096,
  "template_counts": {
    "E5": 5380,
    "E22": 1233,
    "E11": 3699,
    "E9": 3699,
    "E26": 6874,
    "E27": 81,
    "E3": 3727,
    "E4": 2231,
    "E23": 3697,
    "E21": 5375,
    "E2": 861,
    "E20": 221,
    "E25": 1682,
    "E18": 1682,
    "E16": 1662,
    "E6": 1676,
    "E13": 33,
    "E29": 14,
    "E17": 5,
    "E7": 5,
    "E28": 3,
    "E24": 2
  },
  "anomaly_templates": [
    "E11",
    "E13",
    "E16",
    "E17",
    "E18",
    "E2",
    "E20",
    "E21",
    "E22",
    "E23",
    "E24",
    "E25",
    "E26",
    "E27",
    "E28",
    "E29",
    "E3",
    "E4",
    "E5",
    "E6",
    "E7",
    "E9"
  ],
  "sampled_sessions": 41799,
  "anomaly_sessions": 1233,
  "flagged_templates_detail": [
    "E11",
    "E16",
    "E18",
    "E2",
    "E21",
    "E22",
    "E25",
    "E26",
    "E28",
    "E3",
    "E4",
    "E5",
    "E6",
    "E9"
  ]
}