{
  "traditional": {
    "precision": 0.030006001200240048,
    "recall": 0.17162471395881007,
    "f1": 0.0510812191384301,
    "true_positives": 150,
    "false_positives": 4849,
    "false_negatives": 724,
    "flagged_lines": 4999,
    "anomaly_lines": 874,
    "total_lines": 100000
  },
  "template_coverage": {
    "unique_templates_found": 14,
    "unique_templates_total": 17,
    "template_recall": 0.8235294117647058,
    "template_precision": 1.0,
    "template_f1": 0.9032258064516129,
    "found_templates": [
      "E11",
      "E13",
      "E16",
      "E18",
      "E2",
      "E21",
      "E22",
      "E25",
      "E26",
      "E27",
      "E5",
      "E6",
      "E7",
      "E9"
    ],
    "missed_templates": [
      "E20",
      "E23",
      "E28"
    ]
  },
  "rare_detection": {
    "rare_templates_found": 8,
    "rare_templates_total": 10,
    "rare_template_recall": 0.8,
    "found_rare": [
      "E13",
      "E16",
      "E18",
      "E2",
      "E25",
      "E27",
      "E6",
      "E7"
    ],
    "missed_rare": [
      "E20",
      "E28"
    ],
    "threshold": 100
  },
  "frequency_weighted_recall": 0.7697665114905826,
  "template_counts": {
    "E5": 291,
    "E22": 148,
    "E7": 65,
    "E13": 33,
    "E11": 108,
    "E9": 108,
    "E26": 114,
    "E23": 107,
    "E21": 111,
    "E25": 6,
    "E18": 6,
    "E16": 6,
    "E6": 6,
    "E27": 18,
    "E20": 5,
    "E28": 3,
    "E2": 1
  },
  "anomaly_templates": [
    "E11",
    "E13",
    "E16",
    "E18",
    "E2",
    "E20",
    "E21",
    "E22",
    "E23",
    "E25",
    "E26",
    "E27",
    "E28",
    "E5",
    "E6",
    "E7",
    "E9"
  ],
  "sampled_sessions": 8517,
  "anomaly_sessions": 148,
  "flagged_templates_detail": [
    "E11",
    "E13",
    "E16",
    "E18",
    "E2",
    "E21",
    "E22",
    "E25",
    "E26",
    "E27",
    "E5",
    "E6",
    "E7",
    "E9"
  ]
}