{
  "traditional": {
    "precision": 0.042,
    "recall": 0.026381909547738693,
    "f1": 0.032407407407407406,
    "true_positives": 42,
    "false_positives": 958,
    "false_negatives": 1550,
    "flagged_lines": 1000,
    "anomaly_lines": 1592,
    "total_lines": 50000
  },
  "template_coverage": {
    "unique_templates_found": 14,
    "unique_templates_total": 22,
    "template_recall": 0.6363636363636364,
    "template_precision": 1.0,
    "template_f1": 0.7777777777777778,
    "found_templates": [
      "E11",
      "E16",
      "E18",
      "E2",
      "E21",
      "E22",
      "E25",
      "E26",
      "E28",
      "E3",
      "E4",
      "E5",
      "E6",
      "E9"
    ],
    "missed_templates": [
      "E13",
      "E17",
      "E20",
      "E23",
      "E24",
      "E27",
      "E29",
      "E7"
    ]
  },
  "rare_detection": {
    "rare_templates_found": 1,
    "rare_templates_total": 7,
    "rare_template_recall": 0.14285714285714285,
    "found_rare": [
      "E28"
    ],
    "missed_rare": [
      "E13",
      "E17",
      "E24",
      "E27",
      "E29",
      "E7"
    ],
    "threshold": 100
  },
  "frequency_weighted_recall": 0.24035697723639696,
  "template_counts": {
    "E5": 2991,
    "E22": 688,
    "E11": 2064,
    "E9": 2064,
    "E25": 932,
    "E26": 3802,
    "E18": 932,
    "E6": 922,
    "E16": 915,
    "E21": 2986,
    "E4": 1291,
    "E3": 2107,
    "E23": 2062,
    "E27": 47,
    "E2": 530,
    "E20": 120,
    "E29": 11,
    "E17": 5,
    "E7": 5,
    "E28": 3,
    "E13": 15,
    "E24": 2
  },
  "anomaly_templates": [
    "E11",
    "E13",
    "E16",
    "E17",
    "E18",
    "E2",
    "E20",
    "E21",
    "E22",
    "E23",
    "E24",
    "E25",
    "E26",
    "E27",
    "E28",
    "E29",
    "E3",
    "E4",
    "E5",
    "E6",
    "E7",
    "E9"
  ],
  "sampled_sessions": 21962,
  "anomaly_sessions": 688,
  "flagged_templates_detail": [
    "E11",
    "E16",
    "E18",
    "E2",
    "E21",
    "E22",
    "E25",
    "E26",
    "E28",
    "E3",
    "E4",
    "E5",
    "E6",
    "E9"
  ]
}