{
  "traditional": {
    "precision": 0.1512,
    "recall": 0.08505850585058505,
    "f1": 0.10887096774193547,
    "true_positives": 756,
    "false_positives": 4244,
    "false_negatives": 8132,
    "flagged_lines": 5000,
    "anomaly_lines": 8888,
    "total_lines": 250000
  },
  "template_coverage": {
    "unique_templates_found": 17,
    "unique_templates_total": 26,
    "template_recall": 0.6538461538461539,
    "template_precision": 1.0,
    "template_f1": 0.7906976744186047,
    "found_templates": [
      "E11",
      "E13",
      "E16",
      "E18",
      "E2",
      "E20",
      "E21",
      "E22",
      "E23",
      "E25",
      "E26",
      "E27",
      "E3",
      "E5",
      "E6",
      "E7",
      "E9"
    ],
    "missed_templates": [
      "E1",
      "E10",
      "E12",
      "E14",
      "E15",
      "E19",
      "E28",
      "E29",
      "E8"
    ]
  },
  "rare_detection": {
    "rare_templates_found": 2,
    "rare_templates_total": 11,
    "rare_template_recall": 0.18181818181818182,
    "found_rare": [
      "E27",
      "E7"
    ],
    "missed_rare": [
      "E1",
      "E10",
      "E12",
      "E14",
      "E15",
      "E19",
      "E28",
      "E29",
      "E8"
    ],
    "threshold": 100
  },
  "frequency_weighted_recall": 0.019733378442594995,
  "template_counts": {
    "E5": 6974,
    "E22": 1897,
    "E11": 5462,
    "E9": 5447,
    "E26": 7803,
    "E25": 1404,
    "E18": 1404,
    "E6": 1386,
    "E16": 1377,
    "E21": 6707,
    "E23": 5780,
    "E20": 859,
    "E27": 77,
    "E13": 213,
    "E7": 57,
    "E2": 118,
    "E29": 23,
    "E10": 9,
    "E15": 9,
    "E1": 4,
    "E28": 3,
    "E14": 11,
    "E8": 4,
    "E3": 203,
    "E12": 2,
    "E19": 1
  },
  "anomaly_templates": [
    "E1",
    "E10",
    "E11",
    "E12",
    "E13",
    "E14",
    "E15",
    "E16",
    "E18",
    "E19",
    "E2",
    "E20",
    "E21",
    "E22",
    "E23",
    "E25",
    "E26",
    "E27",
    "E28",
    "E29",
    "E3",
    "E5",
    "E6",
    "E7",
    "E8",
    "E9"
  ],
  "sampled_sessions": 46202,
  "anomaly_sessions": 1897,
  "flagged_templates_detail": [
    "E11",
    "E13",
    "E16",
    "E18",
    "E2",
    "E20",
    "E21",
    "E22",
    "E23",
    "E25",
    "E26",
    "E27",
    "E3",
    "E5",
    "E6",
    "E7",
    "E9"
  ]
}