{
  "template_recall_mean": 0.7673918617614269,
  "template_recall_std": 0.16324319301614584,
  "rare_recall_mean": 0.6368259518259518,
  "rare_recall_std": 0.3107224448157051,
  "freq_weighted_mean": 0.5286812967173244,
  "freq_weighted_std": 0.36130477419513685,
  "traditional_f1_mean": 0.06905099507200294,
  "traditional_f1_std": 0.0323449656867297,
  "traditional_precision_mean": 0.08646,
  "traditional_precision_std": 0.06418423794047881,
  "traditional_recall_mean": 0.07179755917341366,
  "traditional_recall_std": 0.0450761726088489,
  "num_runs": 10
}