{
  "traditional": {
    "precision": 0.06,
    "recall": 0.03999200159968006,
    "f1": 0.04799424069111707,
    "true_positives": 1200,
    "false_positives": 18800,
    "false_negatives": 28806,
    "flagged_lines": 20000,
    "anomaly_lines": 30006,
    "total_lines": 1000000
  },
  "template_coverage": {
    "unique_templates_found": 24,
    "unique_templates_total": 27,
    "template_recall": 0.8888888888888888,
    "template_precision": 1.0,
    "template_f1": 0.9411764705882353,
    "found_templates": [
      "E10",
      "E11",
      "E12",
      "E13",
      "E14",
      "E15",
      "E16",
      "E18",
      "E19",
      "E2",
      "E20",
      "E21",
      "E22",
      "E23",
      "E25",
      "E26",
      "E27",
      "E3",
      "E4",
      "E5",
      "E6",
      "E7",
      "E8",
      "E9"
    ],
    "missed_templates": [
      "E17",
      "E24",
      "E28"
    ]
  },
  "rare_detection": {
    "rare_templates_found": 6,
    "rare_templates_total": 8,
    "rare_template_recall": 0.75,
    "found_rare": [
      "E10",
      "E12",
      "E14",
      "E15",
      "E19",
      "E8"
    ],
    "missed_rare": [
      "E17",
      "E24"
    ],
    "threshold": 100
  },
  "frequency_weighted_recall": 0.7189965612707685,
  "template_counts": {
    "E5": 9545,
    "E22": 3427,
    "E11": 8297,
    "E9": 8277,
    "E26": 9762,
    "E4": 5404,
    "E3": 6741,
    "E23": 8282,
    "E21": 8512,
    "E28": 1235,
    "E7": 368,
    "E2": 1563,
    "E20": 1149,
    "E25": 227,
    "E18": 227,
    "E16": 224,
    "E6": 235,
    "E10": 16,
    "E14": 20,
    "E8": 4,
    "E15": 9,
    "E13": 177,
    "E27": 181,
    "E12": 5,
    "E17": 3,
    "E24": 3,
    "E19": 1
  },
  "anomaly_templates": [
    "E10",
    "E11",
    "E12",
    "E13",
    "E14",
    "E15",
    "E16",
    "E17",
    "E18",
    "E19",
    "E2",
    "E20",
    "E21",
    "E22",
    "E23",
    "E24",
    "E25",
    "E26",
    "E27",
    "E28",
    "E3",
    "E4",
    "E5",
    "E6",
    "E7",
    "E8",
    "E9"
  ],
  "sampled_sessions": 105599,
  "anomaly_sessions": 3427,
  "flagged_templates_detail": [
    "E10",
    "E11",
    "E12",
    "E13",
    "E14",
    "E15",
    "E16",
    "E18",
    "E19",
    "E2",
    "E20",
    "E21",
    "E22",
    "E23",
    "E25",
    "E26",
    "E27",
    "E3",
    "E4",
    "E5",
    "E6",
    "E7",
    "E8",
    "E9"
  ]
}