{
  "traditional": {
    "precision": 0.0368,
    "recall": 0.05631216526396327,
    "f1": 0.04451164197157545,
    "true_positives": 368,
    "false_positives": 9632,
    "false_negatives": 6167,
    "flagged_lines": 10000,
    "anomaly_lines": 6535,
    "total_lines": 500000
  },
  "template_coverage": {
    "unique_templates_found": 21,
    "unique_templates_total": 25,
    "template_recall": 0.84,
    "template_precision": 1.0,
    "template_f1": 0.9130434782608696,
    "found_templates": [
      "E1",
      "E10",
      "E11",
      "E13",
      "E15",
      "E16",
      "E18",
      "E19",
      "E2",
      "E20",
      "E21",
      "E22",
      "E23",
      "E25",
      "E26",
      "E27",
      "E28",
      "E5",
      "E6",
      "E7",
      "E9"
    ],
    "missed_templates": [
      "E12",
      "E14",
      "E29",
      "E8"
    ]
  },
  "rare_detection": {
    "rare_templates_found": 5,
    "rare_templates_total": 9,
    "rare_template_recall": 0.5555555555555556,
    "found_rare": [
      "E1",
      "E10",
      "E15",
      "E19",
      "E28"
    ],
    "missed_rare": [
      "E12",
      "E14",
      "E29",
      "E8"
    ],
    "threshold": 100
  },
  "frequency_weighted_recall": 0.3716713325355903,
  "template_counts": {
    "E5": 3729,
    "E22": 1225,
    "E11": 3097,
    "E9": 3091,
    "E26": 3467,
    "E23": 3151,
    "E21": 3354,
    "E20": 567,
    "E18": 333,
    "E25": 333,
    "E16": 327,
    "E6": 332,
    "E27": 125,
    "E2": 109,
    "E7": 106,
    "E13": 153,
    "E28": 9,
    "E29": 6,
    "E10": 3,
    "E15": 3,
    "E1": 4,
    "E19": 2,
    "E12": 1,
    "E14": 2,
    "E8": 1
  },
  "anomaly_templates": [
    "E1",
    "E10",
    "E11",
    "E12",
    "E13",
    "E14",
    "E15",
    "E16",
    "E18",
    "E19",
    "E2",
    "E20",
    "E21",
    "E22",
    "E23",
    "E25",
    "E26",
    "E27",
    "E28",
    "E29",
    "E5",
    "E6",
    "E7",
    "E8",
    "E9"
  ],
  "sampled_sessions": 84569,
  "anomaly_sessions": 1225,
  "flagged_templates_detail": [
    "E1",
    "E10",
    "E11",
    "E13",
    "E15",
    "E16",
    "E18",
    "E19",
    "E2",
    "E20",
    "E21",
    "E22",
    "E23",
    "E25",
    "E26",
    "E27",
    "E28",
    "E5",
    "E6",
    "E7",
    "E9"
  ]
}