{
  "traditional": {
    "precision": 0.14675,
    "recall": 0.09544715447154471,
    "f1": 0.11566502463054186,
    "true_positives": 2935,
    "false_positives": 17065,
    "false_negatives": 27815,
    "flagged_lines": 20000,
    "anomaly_lines": 30750,
    "total_lines": 1000000
  },
  "template_coverage": {
    "unique_templates_found": 26,
    "unique_templates_total": 27,
    "template_recall": 0.9629629629629629,
    "template_precision": 1.0,
    "template_f1": 0.9811320754716981,
    "found_templates": [
      "E10",
      "E11",
      "E12",
      "E13",
      "E14",
      "E15",
      "E16",
      "E18",
      "E2",
      "E20",
      "E21",
      "E22",
      "E23",
      "E24",
      "E25",
      "E26",
      "E27",
      "E28",
      "E29",
      "E3",
      "E4",
      "E5",
      "E6",
      "E7",
      "E8",
      "E9"
    ],
    "missed_templates": [
      "E17"
    ]
  },
  "rare_detection": {
    "rare_templates_found": 8,
    "rare_templates_total": 9,
    "rare_template_recall": 0.8888888888888888,
    "found_rare": [
      "E10",
      "E12",
      "E14",
      "E15",
      "E24",
      "E28",
      "E29",
      "E8"
    ],
    "missed_rare": [
      "E17"
    ],
    "threshold": 100
  },
  "frequency_weighted_recall": 0.8891782995304073,
  "template_counts": {
    "E5": 11808,
    "E22": 3289,
    "E11": 9057,
    "E9": 9035,
    "E26": 13069,
    "E3": 4338,
    "E4": 3163,
    "E23": 9183,
    "E21": 11339,
    "E20": 1250,
    "E18": 2309,
    "E25": 2309,
    "E16": 2287,
    "E6": 2313,
    "E2": 1412,
    "E13": 336,
    "E27": 285,
    "E7": 189,
    "E29": 14,
    "E24": 4,
    "E14": 22,
    "E10": 13,
    "E8": 9,
    "E12": 2,
    "E15": 5,
    "E17": 5,
    "E28": 3
  },
  "anomaly_templates": [
    "E10",
    "E11",
    "E12",
    "E13",
    "E14",
    "E15",
    "E16",
    "E17",
    "E18",
    "E2",
    "E20",
    "E21",
    "E22",
    "E23",
    "E24",
    "E25",
    "E26",
    "E27",
    "E28",
    "E29",
    "E3",
    "E4",
    "E5",
    "E6",
    "E7",
    "E8",
    "E9"
  ],
  "sampled_sessions": 137810,
  "anomaly_sessions": 3289,
  "flagged_templates_detail": [
    "E10",
    "E11",
    "E12",
    "E13",
    "E14",
    "E15",
    "E16",
    "E18",
    "E2",
    "E20",
    "E21",
    "E22",
    "E23",
    "E24",
    "E25",
    "E26",
    "E27",
    "E28",
    "E29",
    "E3",
    "E4",
    "E5",
    "E6",
    "E7",
    "E8",
    "E9"
  ]
}