{
  "traditional": {
    "precision": 0.0562,
    "recall": 0.03677408800916081,
    "f1": 0.04445762879462079,
    "true_positives": 1124,
    "false_positives": 18876,
    "false_negatives": 29441,
    "flagged_lines": 20000,
    "anomaly_lines": 30565,
    "total_lines": 1000000
  },
  "template_coverage": {
    "unique_templates_found": 26,
    "unique_templates_total": 26,
    "template_recall": 1.0,
    "template_precision": 1.0,
    "template_f1": 1.0,
    "found_templates": [
      "E10",
      "E11",
      "E12",
      "E13",
      "E14",
      "E15",
      "E16",
      "E17",
      "E18",
      "E19",
      "E2",
      "E20",
      "E21",
      "E22",
      "E23",
      "E25",
      "E26",
      "E27",
      "E28",
      "E3",
      "E4",
      "E5",
      "E6",
      "E7",
      "E8",
      "E9"
    ],
    "missed_templates": []
  },
  "rare_detection": {
    "rare_templates_found": 12,
    "rare_templates_total": 12,
    "rare_template_recall": 1.0,
    "found_rare": [
      "E10",
      "E12",
      "E13",
      "E14",
      "E15",
      "E16",
      "E17",
      "E18",
      "E19",
      "E25",
      "E6",
      "E8"
    ],
    "missed_rare": [],
    "threshold": 100
  },
  "frequency_weighted_recall": 1.0,
  "template_counts": {
    "E22": 3917,
    "E5": 9053,
    "E7": 998,
    "E11": 6105,
    "E9": 6091,
    "E26": 7156,
    "E4": 3701,
    "E3": 6062,
    "E2": 1026,
    "E23": 6095,
    "E21": 6170,
    "E28": 989,
    "E20": 852,
    "E27": 155,
    "E13": 81,
    "E25": 75,
    "E18": 75,
    "E6": 79,
    "E16": 74,
    "E17": 1,
    "E10": 12,
    "E12": 5,
    "E14": 14,
    "E15": 7,
    "E8": 2,
    "E19": 1
  },
  "anomaly_templates": [
    "E10",
    "E11",
    "E12",
    "E13",
    "E14",
    "E15",
    "E16",
    "E17",
    "E18",
    "E19",
    "E2",
    "E20",
    "E21",
    "E22",
    "E23",
    "E25",
    "E26",
    "E27",
    "E28",
    "E3",
    "E4",
    "E5",
    "E6",
    "E7",
    "E8",
    "E9"
  ],
  "sampled_sessions": 83625,
  "anomaly_sessions": 3917,
  "flagged_templates_detail": [
    "E10",
    "E11",
    "E12",
    "E13",
    "E14",
    "E15",
    "E16",
    "E17",
    "E18",
    "E19",
    "E2",
    "E20",
    "E21",
    "E22",
    "E23",
    "E25",
    "E26",
    "E27",
    "E28",
    "E3",
    "E4",
    "E5",
    "E6",
    "E7",
    "E8",
    "E9"
  ]
}