{
  "traditional": {
    "precision": 0.0396,
    "recall": 0.031230283911671923,
    "f1": 0.03492063492063492,
    "true_positives": 396,
    "false_positives": 9604,
    "false_negatives": 12284,
    "flagged_lines": 10000,
    "anomaly_lines": 12680,
    "total_lines": 500000
  },
  "template_coverage": {
    "unique_templates_found": 18,
    "unique_templates_total": 27,
    "template_recall": 0.6666666666666666,
    "template_precision": 1.0,
    "template_f1": 0.8,
    "found_templates": [
      "E10",
      "E11",
      "E14",
      "E16",
      "E18",
      "E2",
      "E21",
      "E22",
      "E23",
      "E25",
      "E26",
      "E3",
      "E4",
      "E5",
      "E6",
      "E7",
      "E8",
      "E9"
    ],
    "missed_templates": [
      "E12",
      "E13",
      "E15",
      "E17",
      "E19",
      "E20",
      "E24",
      "E27",
      "E28"
    ]
  },
  "rare_detection": {
    "rare_templates_found": 4,
    "rare_templates_total": 9,
    "rare_template_recall": 0.4444444444444444,
    "found_rare": [
      "E10",
      "E14",
      "E7",
      "E8"
    ],
    "missed_rare": [
      "E12",
      "E15",
      "E17",
      "E19",
      "E24"
    ],
    "threshold": 100
  },
  "frequency_weighted_recall": 0.1724503190030036,
  "template_counts": {
    "E5": 8433,
    "E22": 2733,
    "E13": 174,
    "E11": 8165,
    "E9": 8145,
    "E26": 9638,
    "E3": 6751,
    "E2": 1586,
    "E23": 8151,
    "E21": 8388,
    "E4": 5426,
    "E28": 1232,
    "E20": 1100,
    "E25": 234,
    "E18": 234,
    "E16": 231,
    "E6": 243,
    "E27": 179,
    "E7": 30,
    "E10": 16,
    "E14": 20,
    "E8": 4,
    "E15": 9,
    "E17": 3,
    "E12": 5,
    "E19": 1,
    "E24": 3
  },
  "anomaly_templates": [
    "E10",
    "E11",
    "E12",
    "E13",
    "E14",
    "E15",
    "E16",
    "E17",
    "E18",
    "E19",
    "E2",
    "E20",
    "E21",
    "E22",
    "E23",
    "E24",
    "E25",
    "E26",
    "E27",
    "E28",
    "E3",
    "E4",
    "E5",
    "E6",
    "E7",
    "E8",
    "E9"
  ],
  "sampled_sessions": 103679,
  "anomaly_sessions": 2733,
  "flagged_templates_detail": [
    "E10",
    "E11",
    "E14",
    "E16",
    "E18",
    "E2",
    "E21",
    "E22",
    "E23",
    "E25",
    "E26",
    "E3",
    "E4",
    "E5",
    "E6",
    "E7",
    "E8",
    "E9"
  ]
}