{
  "traditional": {
    "precision": 0.1996,
    "recall": 0.10063019914292917,
    "f1": 0.1338025808614044,
    "true_positives": 3992,
    "false_positives": 16008,
    "false_negatives": 35678,
    "flagged_lines": 20000,
    "anomaly_lines": 39670,
    "total_lines": 1000000
  },
  "template_coverage": {
    "unique_templates_found": 25,
    "unique_templates_total": 27,
    "template_recall": 0.9259259259259259,
    "template_precision": 1.0,
    "template_f1": 0.9615384615384615,
    "found_templates": [
      "E10",
      "E11",
      "E12",
      "E13",
      "E14",
      "E15",
      "E16",
      "E18",
      "E2",
      "E20",
      "E21",
      "E22",
      "E23",
      "E24",
      "E25",
      "E26",
      "E27",
      "E28",
      "E29",
      "E3",
      "E5",
      "E6",
      "E7",
      "E8",
      "E9"
    ],
    "missed_templates": [
      "E17",
      "E4"
    ]
  },
  "rare_detection": {
    "rare_templates_found": 8,
    "rare_templates_total": 9,
    "rare_template_recall": 0.8888888888888888,
    "found_rare": [
      "E10",
      "E12",
      "E14",
      "E15",
      "E24",
      "E28",
      "E29",
      "E8"
    ],
    "missed_rare": [
      "E17"
    ],
    "threshold": 100
  },
  "frequency_weighted_recall": 0.8479807941416417,
  "template_counts": {
    "E22": 3096,
    "E5": 10988,
    "E26": 12088,
    "E11": 8169,
    "E9": 8147,
    "E2": 981,
    "E25": 2217,
    "E18": 2217,
    "E16": 2199,
    "E6": 2221,
    "E21": 10349,
    "E4": 2190,
    "E3": 3440,
    "E23": 8390,
    "E27": 184,
    "E20": 1171,
    "E13": 267,
    "E7": 246,
    "E17": 3,
    "E29": 13,
    "E10": 13,
    "E14": 22,
    "E8": 9,
    "E15": 5,
    "E24": 2,
    "E12": 2,
    "E28": 3
  },
  "anomaly_templates": [
    "E10",
    "E11",
    "E12",
    "E13",
    "E14",
    "E15",
    "E16",
    "E17",
    "E18",
    "E2",
    "E20",
    "E21",
    "E22",
    "E23",
    "E24",
    "E25",
    "E26",
    "E27",
    "E28",
    "E29",
    "E3",
    "E4",
    "E5",
    "E6",
    "E7",
    "E8",
    "E9"
  ],
  "sampled_sessions": 91793,
  "anomaly_sessions": 3096,
  "flagged_templates_detail": [
    "E10",
    "E11",
    "E12",
    "E13",
    "E14",
    "E15",
    "E16",
    "E18",
    "E2",
    "E20",
    "E21",
    "E22",
    "E23",
    "E24",
    "E25",
    "E26",
    "E27",
    "E28",
    "E29",
    "E3",
    "E5",
    "E6",
    "E7",
    "E8",
    "E9"
  ]
}