{
  "traditional": {
    "precision": 0.1037,
    "recall": 0.07685466538204995,
    "f1": 0.08828161580045119,
    "true_positives": 2074,
    "false_positives": 17926,
    "false_negatives": 24912,
    "flagged_lines": 20000,
    "anomaly_lines": 26986,
    "total_lines": 1000000
  },
  "template_coverage": {
    "unique_templates_found": 24,
    "unique_templates_total": 25,
    "template_recall": 0.96,
    "template_precision": 1.0,
    "template_f1": 0.9795918367346939,
    "found_templates": [
      "E1",
      "E10",
      "E11",
      "E13",
      "E14",
      "E15",
      "E16",
      "E18",
      "E19",
      "E2",
      "E20",
      "E21",
      "E22",
      "E23",
      "E25",
      "E26",
      "E27",
      "E28",
      "E29",
      "E5",
      "E6",
      "E7",
      "E8",
      "E9"
    ],
    "missed_templates": [
      "E12"
    ]
  },
  "rare_detection": {
    "rare_templates_found": 8,
    "rare_templates_total": 9,
    "rare_template_recall": 0.8888888888888888,
    "found_rare": [
      "E1",
      "E10",
      "E14",
      "E15",
      "E19",
      "E28",
      "E29",
      "E8"
    ],
    "missed_rare": [
      "E12"
    ],
    "threshold": 100
  },
  "frequency_weighted_recall": 0.6257598377975534,
  "template_counts": {
    "E5": 8169,
    "E22": 2543,
    "E11": 6515,
    "E9": 6503,
    "E26": 8099,
    "E23": 6794,
    "E21": 7484,
    "E20": 1095,
    "E27": 173,
    "E25": 1111,
    "E18": 1111,
    "E16": 1084,
    "E6": 1092,
    "E2": 192,
    "E13": 300,
    "E7": 194,
    "E19": 2,
    "E10": 7,
    "E1": 4,
    "E29": 24,
    "E12": 1,
    "E14": 8,
    "E8": 3,
    "E15": 7,
    "E28": 9
  },
  "anomaly_templates": [
    "E1",
    "E10",
    "E11",
    "E12",
    "E13",
    "E14",
    "E15",
    "E16",
    "E18",
    "E19",
    "E2",
    "E20",
    "E21",
    "E22",
    "E23",
    "E25",
    "E26",
    "E27",
    "E28",
    "E29",
    "E5",
    "E6",
    "E7",
    "E8",
    "E9"
  ],
  "sampled_sessions": 113952,
  "anomaly_sessions": 2543,
  "flagged_templates_detail": [
    "E1",
    "E10",
    "E11",
    "E13",
    "E14",
    "E15",
    "E16",
    "E18",
    "E19",
    "E2",
    "E20",
    "E21",
    "E22",
    "E23",
    "E25",
    "E26",
    "E27",
    "E28",
    "E29",
    "E5",
    "E6",
    "E7",
    "E8",
    "E9"
  ]
}