{
  "traditional": {
    "precision": 0.06015,
    "recall": 0.03974494515660103,
    "f1": 0.04786345189782764,
    "true_positives": 1203,
    "false_positives": 18797,
    "false_negatives": 29065,
    "flagged_lines": 20000,
    "anomaly_lines": 30268,
    "total_lines": 1000000
  },
  "template_coverage": {
    "unique_templates_found": 25,
    "unique_templates_total": 26,
    "template_recall": 0.9615384615384616,
    "template_precision": 1.0,
    "template_f1": 0.9803921568627451,
    "found_templates": [
      "E10",
      "E11",
      "E12",
      "E13",
      "E14",
      "E15",
      "E16",
      "E17",
      "E18",
      "E19",
      "E2",
      "E20",
      "E21",
      "E22",
      "E23",
      "E25",
      "E26",
      "E27",
      "E3",
      "E4",
      "E5",
      "E6",
      "E7",
      "E8",
      "E9"
    ],
    "missed_templates": [
      "E28"
    ]
  },
  "rare_detection": {
    "rare_templates_found": 7,
    "rare_templates_total": 7,
    "rare_template_recall": 1.0,
    "found_rare": [
      "E10",
      "E12",
      "E14",
      "E15",
      "E17",
      "E19",
      "E8"
    ],
    "missed_rare": [],
    "threshold": 100
  },
  "frequency_weighted_recall": 0.9994557161015808,
  "template_counts": {
    "E22": 3103,
    "E5": 7833,
    "E26": 7029,
    "E11": 5993,
    "E9": 5973,
    "E3": 6533,
    "E4": 4768,
    "E23": 5978,
    "E21": 6138,
    "E28": 894,
    "E7": 586,
    "E2": 1434,
    "E20": 866,
    "E25": 158,
    "E18": 158,
    "E16": 155,
    "E6": 165,
    "E10": 16,
    "E14": 20,
    "E8": 4,
    "E15": 9,
    "E13": 141,
    "E27": 104,
    "E12": 5,
    "E17": 3,
    "E19": 1
  },
  "anomaly_templates": [
    "E10",
    "E11",
    "E12",
    "E13",
    "E14",
    "E15",
    "E16",
    "E17",
    "E18",
    "E19",
    "E2",
    "E20",
    "E21",
    "E22",
    "E23",
    "E25",
    "E26",
    "E27",
    "E28",
    "E3",
    "E4",
    "E5",
    "E6",
    "E7",
    "E8",
    "E9"
  ],
  "sampled_sessions": 74059,
  "anomaly_sessions": 3103,
  "flagged_templates_detail": [
    "E10",
    "E11",
    "E12",
    "E13",
    "E14",
    "E15",
    "E16",
    "E17",
    "E18",
    "E19",
    "E2",
    "E20",
    "E21",
    "E22",
    "E23",
    "E25",
    "E26",
    "E27",
    "E3",
    "E4",
    "E5",
    "E6",
    "E7",
    "E8",
    "E9"
  ]
}