{
  "parameter_space": {
    "young_modulus": {
      "name": "Normal",
      "mode": 0.0,
      "minimum": -1000000000000.0,
      "maximum": 1000000000000.0,
      "sigma": 100.0,
      "mu": 210000.0,
      "lower_bound": 209234.93719070646,
      "upper_bound": 210765.06280929354,
      "parameters": [],
      "size": 1
    },
    "nu_p": {
      "name": "Normal",
      "mode": 0.0,
      "minimum": -1000000000000.0,
      "maximum": 1000000000000.0,
      "sigma": 0.02,
      "mu": 0.3,
      "lower_bound": 0.1469874381412946,
      "upper_bound": 0.45301256185870536,
      "parameters": [],
      "size": 1
    }
  },
  "metadata": {
    "generic": {
      "datetime": "06-12-2024_10-47-15",
      "version": "0.1.dev783+g04376cb.d20241206"
    },
    "misc": {},
    "settings": {},
    "report": {},
    "model": null
  }
}
