{
  "traditional": {
    "precision": 0.05761152230446089,
    "recall": 0.07733619763694952,
    "f1": 0.06603232832741028,
    "true_positives": 288,
    "false_positives": 4711,
    "false_negatives": 3436,
    "flagged_lines": 4999,
    "anomaly_lines": 3724,
    "total_lines": 100000
  },
  "template_coverage": {
    "unique_templates_found": 18,
    "unique_templates_total": 25,
    "template_recall": 0.72,
    "template_precision": 1.0,
    "template_f1": 0.8372093023255813,
    "found_templates": [
      "E10",
      "E11",
      "E12",
      "E13",
      "E14",
      "E16",
      "E18",
      "E2",
      "E21",
      "E22",
      "E25",
      "E26",
      "E27",
      "E5",
      "E6",
      "E7",
      "E8",
      "E9"
    ],
    "missed_templates": [
      "E15",
      "E19",
      "E20",
      "E23",
      "E28",
      "E3",
      "E4"
    ]
  },
  "rare_detection": {
    "rare_templates_found": 11,
    "rare_templates_total": 13,
    "rare_template_recall": 0.8461538461538461,
    "found_rare": [
      "E10",
      "E12",
      "E13",
      "E14",
      "E16",
      "E18",
      "E2",
      "E25",
      "E27",
      "E6",
      "E8"
    ],
    "missed_rare": [
      "E15",
      "E19"
    ],
    "threshold": 100
  },
  "frequency_weighted_recall": 0.5266822734506169,
  "template_counts": {
    "E22": 536,
    "E5": 1181,
    "E7": 155,
    "E26": 845,
    "E11": 726,
    "E9": 721,
    "E3": 1363,
    "E4": 739,
    "E23": 720,
    "E21": 731,
    "E28": 117,
    "E20": 115,
    "E2": 42,
    "E27": 13,
    "E25": 9,
    "E18": 9,
    "E6": 10,
    "E16": 9,
    "E13": 6,
    "E12": 2,
    "E14": 5,
    "E10": 3,
    "E8": 2,
    "E15": 1,
    "E19": 1
  },
  "anomaly_templates": [
    "E10",
    "E11",
    "E12",
    "E13",
    "E14",
    "E15",
    "E16",
    "E18",
    "E19",
    "E2",
    "E20",
    "E21",
    "E22",
    "E23",
    "E25",
    "E26",
    "E27",
    "E28",
    "E3",
    "E4",
    "E5",
    "E6",
    "E7",
    "E8",
    "E9"
  ],
  "sampled_sessions": 9203,
  "anomaly_sessions": 536,
  "flagged_templates_detail": [
    "E10",
    "E11",
    "E12",
    "E13",
    "E14",
    "E16",
    "E18",
    "E2",
    "E21",
    "E22",
    "E25",
    "E26",
    "E27",
    "E5",
    "E6",
    "E7",
    "E8",
    "E9"
  ]
}