{
  "traditional": {
    "precision": 0.0678,
    "recall": 0.04084091319800012,
    "f1": 0.050975527235818205,
    "true_positives": 678,
    "false_positives": 9322,
    "false_negatives": 15923,
    "flagged_lines": 10000,
    "anomaly_lines": 16601,
    "total_lines": 500000
  },
  "template_coverage": {
    "unique_templates_found": 24,
    "unique_templates_total": 26,
    "template_recall": 0.9230769230769231,
    "template_precision": 1.0,
    "template_f1": 0.9600000000000001,
    "found_templates": [
      "E10",
      "E11",
      "E12",
      "E13",
      "E14",
      "E15",
      "E16",
      "E18",
      "E19",
      "E2",
      "E20",
      "E21",
      "E22",
      "E23",
      "E25",
      "E26",
      "E27",
      "E3",
      "E4",
      "E5",
      "E6",
      "E7",
      "E8",
      "E9"
    ],
    "missed_templates": [
      "E17",
      "E28"
    ]
  },
  "rare_detection": {
    "rare_templates_found": 12,
    "rare_templates_total": 13,
    "rare_template_recall": 0.9230769230769231,
    "found_rare": [
      "E10",
      "E12",
      "E13",
      "E14",
      "E15",
      "E16",
      "E18",
      "E19",
      "E25",
      "E27",
      "E6",
      "E8"
    ],
    "missed_rare": [
      "E17"
    ],
    "threshold": 100
  },
  "frequency_weighted_recall": 0.690394879362196,
  "template_counts": {
    "E22": 2123,
    "E5": 5500,
    "E7": 350,
    "E26": 5205,
    "E11": 4426,
    "E9": 4415,
    "E3": 6063,
    "E4": 3693,
    "E23": 4418,
    "E21": 4500,
    "E28": 708,
    "E20": 620,
    "E2": 958,
    "E18": 80,
    "E25": 80,
    "E6": 85,
    "E16": 79,
    "E13": 78,
    "E27": 90,
    "E12": 4,
    "E14": 11,
    "E10": 9,
    "E8": 2,
    "E15": 5,
    "E19": 1,
    "E17": 1
  },
  "anomaly_templates": [
    "E10",
    "E11",
    "E12",
    "E13",
    "E14",
    "E15",
    "E16",
    "E17",
    "E18",
    "E19",
    "E2",
    "E20",
    "E21",
    "E22",
    "E23",
    "E25",
    "E26",
    "E27",
    "E28",
    "E3",
    "E4",
    "E5",
    "E6",
    "E7",
    "E8",
    "E9"
  ],
  "sampled_sessions": 55839,
  "anomaly_sessions": 2123,
  "flagged_templates_detail": [
    "E10",
    "E11",
    "E12",
    "E13",
    "E14",
    "E15",
    "E16",
    "E18",
    "E19",
    "E2",
    "E20",
    "E21",
    "E22",
    "E23",
    "E25",
    "E26",
    "E27",
    "E3",
    "E4",
    "E5",
    "E6",
    "E7",
    "E8",
    "E9"
  ]
}