{
  "traditional": {
    "precision": 0.2552,
    "recall": 0.08455931080185554,
    "f1": 0.1270283723245396,
    "true_positives": 1276,
    "false_positives": 3724,
    "false_negatives": 13814,
    "flagged_lines": 5000,
    "anomaly_lines": 15090,
    "total_lines": 250000
  },
  "template_coverage": {
    "unique_templates_found": 22,
    "unique_templates_total": 26,
    "template_recall": 0.8461538461538461,
    "template_precision": 1.0,
    "template_f1": 0.9166666666666666,
    "found_templates": [
      "E10",
      "E11",
      "E12",
      "E13",
      "E14",
      "E15",
      "E16",
      "E18",
      "E2",
      "E20",
      "E21",
      "E22",
      "E24",
      "E25",
      "E26",
      "E27",
      "E29",
      "E5",
      "E6",
      "E7",
      "E8",
      "E9"
    ],
    "missed_templates": [
      "E17",
      "E23",
      "E3",
      "E4"
    ]
  },
  "rare_detection": {
    "rare_templates_found": 8,
    "rare_templates_total": 9,
    "rare_template_recall": 0.8888888888888888,
    "found_rare": [
      "E10",
      "E12",
      "E14",
      "E15",
      "E24",
      "E29",
      "E7",
      "E8"
    ],
    "missed_rare": [
      "E17"
    ],
    "threshold": 100
  },
  "frequency_weighted_recall": 0.8218320768939656,
  "template_counts": {
    "E5": 8256,
    "E22": 2118,
    "E11": 6030,
    "E9": 6008,
    "E26": 9772,
    "E23": 6131,
    "E21": 8049,
    "E20": 676,
    "E25": 2050,
    "E18": 2050,
    "E6": 2050,
    "E16": 2032,
    "E4": 2180,
    "E3": 3213,
    "E2": 914,
    "E27": 125,
    "E17": 3,
    "E7": 89,
    "E13": 153,
    "E14": 22,
    "E8": 9,
    "E10": 13,
    "E15": 5,
    "E29": 13,
    "E24": 2,
    "E12": 2
  },
  "anomaly_templates": [
    "E10",
    "E11",
    "E12",
    "E13",
    "E14",
    "E15",
    "E16",
    "E17",
    "E18",
    "E2",
    "E20",
    "E21",
    "E22",
    "E23",
    "E24",
    "E25",
    "E26",
    "E27",
    "E29",
    "E3",
    "E4",
    "E5",
    "E6",
    "E7",
    "E8",
    "E9"
  ],
  "sampled_sessions": 50494,
  "anomaly_sessions": 2118,
  "flagged_templates_detail": [
    "E10",
    "E11",
    "E12",
    "E13",
    "E14",
    "E15",
    "E16",
    "E18",
    "E2",
    "E20",
    "E21",
    "E22",
    "E24",
    "E25",
    "E26",
    "E27",
    "E29",
    "E5",
    "E6",
    "E7",
    "E8",
    "E9"
  ]
}