{
  "traditional": {
    "precision": 0.2176,
    "recall": 0.12449224784026545,
    "f1": 0.15837548673532514,
    "true_positives": 2176,
    "false_positives": 7824,
    "false_negatives": 15303,
    "flagged_lines": 10000,
    "anomaly_lines": 17479,
    "total_lines": 500000
  },
  "template_coverage": {
    "unique_templates_found": 27,
    "unique_templates_total": 27,
    "template_recall": 1.0,
    "template_precision": 1.0,
    "template_f1": 1.0,
    "found_templates": [
      "E1",
      "E10",
      "E11",
      "E12",
      "E13",
      "E14",
      "E15",
      "E16",
      "E17",
      "E18",
      "E19",
      "E2",
      "E20",
      "E21",
      "E22",
      "E23",
      "E25",
      "E26",
      "E27",
      "E28",
      "E29",
      "E3",
      "E5",
      "E6",
      "E7",
      "E8",
      "E9"
    ],
    "missed_templates": []
  },
  "rare_detection": {
    "rare_templates_found": 13,
    "rare_templates_total": 13,
    "rare_template_recall": 1.0,
    "found_rare": [
      "E1",
      "E10",
      "E12",
      "E13",
      "E14",
      "E15",
      "E17",
      "E19",
      "E2",
      "E27",
      "E28",
      "E29",
      "E8"
    ],
    "missed_rare": [],
    "threshold": 100
  },
  "frequency_weighted_recall": 1.0,
  "template_counts": {
    "E5": 5971,
    "E22": 1747,
    "E11": 4775,
    "E9": 4710,
    "E26": 6346,
    "E23": 5112,
    "E21": 5618,
    "E20": 1030,
    "E25": 935,
    "E18": 935,
    "E16": 918,
    "E6": 936,
    "E27": 85,
    "E7": 153,
    "E2": 65,
    "E29": 17,
    "E10": 44,
    "E14": 63,
    "E12": 17,
    "E8": 20,
    "E15": 32,
    "E13": 66,
    "E1": 2,
    "E19": 2,
    "E3": 203,
    "E28": 3,
    "E17": 1
  },
  "anomaly_templates": [
    "E1",
    "E10",
    "E11",
    "E12",
    "E13",
    "E14",
    "E15",
    "E16",
    "E17",
    "E18",
    "E19",
    "E2",
    "E20",
    "E21",
    "E22",
    "E23",
    "E25",
    "E26",
    "E27",
    "E28",
    "E29",
    "E3",
    "E5",
    "E6",
    "E7",
    "E8",
    "E9"
  ],
  "sampled_sessions": 54377,
  "anomaly_sessions": 1747,
  "flagged_templates_detail": [
    "E1",
    "E10",
    "E11",
    "E12",
    "E13",
    "E14",
    "E15",
    "E16",
    "E17",
    "E18",
    "E19",
    "E2",
    "E20",
    "E21",
    "E22",
    "E23",
    "E25",
    "E26",
    "E27",
    "E28",
    "E29",
    "E3",
    "E5",
    "E6",
    "E7",
    "E8",
    "E9"
  ]
}