{
  "traditional": {
    "precision": 0.1085,
    "recall": 0.07284323598522995,
    "f1": 0.08716609760996184,
    "true_positives": 217,
    "false_positives": 1783,
    "false_negatives": 2762,
    "flagged_lines": 2000,
    "anomaly_lines": 2979,
    "total_lines": 100000
  },
  "template_coverage": {
    "unique_templates_found": 13,
    "unique_templates_total": 25,
    "template_recall": 0.52,
    "template_precision": 1.0,
    "template_f1": 0.6842105263157895,
    "found_templates": [
      "E11",
      "E16",
      "E18",
      "E2",
      "E20",
      "E21",
      "E22",
      "E25",
      "E26",
      "E27",
      "E5",
      "E7",
      "E9"
    ],
    "missed_templates": [
      "E10",
      "E12",
      "E13",
      "E14",
      "E15",
      "E17",
      "E23",
      "E24",
      "E3",
      "E4",
      "E6",
      "E8"
    ]
  },
  "rare_detection": {
    "rare_templates_found": 2,
    "rare_templates_total": 9,
    "rare_template_recall": 0.2222222222222222,
    "found_rare": [
      "E27",
      "E7"
    ],
    "missed_rare": [
      "E10",
      "E12",
      "E14",
      "E15",
      "E17",
      "E24",
      "E8"
    ],
    "threshold": 100
  },
  "frequency_weighted_recall": 0.02266773011829597,
  "template_counts": {
    "E22": 892,
    "E5": 2967,
    "E11": 2620,
    "E9": 2603,
    "E26": 2929,
    "E18": 302,
    "E25": 302,
    "E16": 297,
    "E6": 306,
    "E21": 2909,
    "E3": 366,
    "E23": 2682,
    "E2": 576,
    "E4": 744,
    "E20": 472,
    "E7": 38,
    "E27": 87,
    "E13": 102,
    "E14": 17,
    "E10": 10,
    "E15": 5,
    "E8": 7,
    "E12": 2,
    "E17": 3,
    "E24": 1
  },
  "anomaly_templates": [
    "E10",
    "E11",
    "E12",
    "E13",
    "E14",
    "E15",
    "E16",
    "E17",
    "E18",
    "E2",
    "E20",
    "E21",
    "E22",
    "E23",
    "E24",
    "E25",
    "E26",
    "E27",
    "E3",
    "E4",
    "E5",
    "E6",
    "E7",
    "E8",
    "E9"
  ],
  "sampled_sessions": 38175,
  "anomaly_sessions": 892,
  "flagged_templates_detail": [
    "E11",
    "E16",
    "E18",
    "E2",
    "E20",
    "E21",
    "E22",
    "E25",
    "E26",
    "E27",
    "E5",
    "E7",
    "E9"
  ]
}