{
  "traditional": {
    "precision": 0.1205,
    "recall": 0.06917336394948335,
    "f1": 0.08789204959883296,
    "true_positives": 241,
    "false_positives": 1759,
    "false_negatives": 3243,
    "flagged_lines": 2000,
    "anomaly_lines": 3484,
    "total_lines": 100000
  },
  "template_coverage": {
    "unique_templates_found": 15,
    "unique_templates_total": 22,
    "template_recall": 0.6818181818181818,
    "template_precision": 1.0,
    "template_f1": 0.8108108108108109,
    "found_templates": [
      "E11",
      "E16",
      "E18",
      "E2",
      "E20",
      "E21",
      "E22",
      "E23",
      "E25",
      "E26",
      "E3",
      "E5",
      "E6",
      "E7",
      "E9"
    ],
    "missed_templates": [
      "E10",
      "E13",
      "E14",
      "E15",
      "E27",
      "E29",
      "E8"
    ]
  },
  "rare_detection": {
    "rare_templates_found": 2,
    "rare_templates_total": 8,
    "rare_template_recall": 0.25,
    "found_rare": [
      "E2",
      "E7"
    ],
    "missed_rare": [
      "E10",
      "E14",
      "E15",
      "E27",
      "E29",
      "E8"
    ],
    "threshold": 100
  },
  "frequency_weighted_recall": 0.09483411090656084,
  "template_counts": {
    "E22": 1239,
    "E5": 4484,
    "E11": 3703,
    "E9": 3697,
    "E26": 4911,
    "E25": 775,
    "E18": 775,
    "E16": 765,
    "E6": 772,
    "E21": 4454,
    "E23": 3994,
    "E20": 615,
    "E2": 86,
    "E13": 147,
    "E27": 49,
    "E14": 6,
    "E7": 9,
    "E10": 4,
    "E15": 4,
    "E8": 2,
    "E29": 9,
    "E3": 203
  },
  "anomaly_templates": [
    "E10",
    "E11",
    "E13",
    "E14",
    "E15",
    "E16",
    "E18",
    "E2",
    "E20",
    "E21",
    "E22",
    "E23",
    "E25",
    "E26",
    "E27",
    "E29",
    "E3",
    "E5",
    "E6",
    "E7",
    "E8",
    "E9"
  ],
  "sampled_sessions": 31544,
  "anomaly_sessions": 1239,
  "flagged_templates_detail": [
    "E11",
    "E16",
    "E18",
    "E2",
    "E20",
    "E21",
    "E22",
    "E23",
    "E25",
    "E26",
    "E3",
    "E5",
    "E6",
    "E7",
    "E9"
  ]
}