;Unnamed: 0;width;height;maximum_dplt;reaction_forces;nominal_length;batch
0;0;31.4454345703125;38.3431396484375;-4.9999999999999964;-2261.96286382446;600.0;1
1;1;31.2484130859375;40.6429443359375;-4.999999999999993;-2676.999623154357;600.0;1
2;2;31.3668212890625;38.841796875;-4.999999999999995;-2345.488476118885;600.0;1
3;3;29.9188232421875;39.544921875;-4.999999999999996;-2360.921403045378;600.0;1
4;4;29.279541015625;38.0982666015625;-4.999999999999991;-2066.0687542289443;600.0;1
5;5;30.484130859375;39.6756591796875;-5.000000000000001;-2429.467679324648;600.0;1
