{
  "traditional": {
    "precision": 0.0216,
    "recall": 0.017338256541981057,
    "f1": 0.01923590702644937,
    "true_positives": 108,
    "false_positives": 4892,
    "false_negatives": 6121,
    "flagged_lines": 5000,
    "anomaly_lines": 6229,
    "total_lines": 250000
  },
  "template_coverage": {
    "unique_templates_found": 15,
    "unique_templates_total": 26,
    "template_recall": 0.5769230769230769,
    "template_precision": 1.0,
    "template_f1": 0.7317073170731707,
    "found_templates": [
      "E11",
      "E16",
      "E18",
      "E2",
      "E21",
      "E22",
      "E23",
      "E25",
      "E26",
      "E28",
      "E3",
      "E4",
      "E5",
      "E6",
      "E9"
    ],
    "missed_templates": [
      "E10",
      "E13",
      "E14",
      "E15",
      "E17",
      "E20",
      "E24",
      "E27",
      "E29",
      "E7",
      "E8"
    ]
  },
  "rare_detection": {
    "rare_templates_found": 1,
    "rare_templates_total": 10,
    "rare_template_recall": 0.1,
    "found_rare": [
      "E28"
    ],
    "missed_rare": [
      "E10",
      "E13",
      "E14",
      "E15",
      "E17",
      "E24",
      "E29",
      "E7",
      "E8"
    ],
    "threshold": 100
  },
  "frequency_weighted_recall": 0.0987860232169229,
  "template_counts": {
    "E5": 8048,
    "E22": 1980,
    "E11": 5942,
    "E9": 5939,
    "E18": 2100,
    "E25": 2100,
    "E26": 9753,
    "E6": 2101,
    "E16": 2078,
    "E21": 8031,
    "E2": 1352,
    "E4": 2966,
    "E3": 4190,
    "E23": 5929,
    "E20": 543,
    "E27": 181,
    "E24": 3,
    "E13": 81,
    "E29": 14,
    "E7": 8,
    "E17": 5,
    "E14": 3,
    "E10": 2,
    "E15": 2,
    "E8": 1,
    "E28": 3
  },
  "anomaly_templates": [
    "E10",
    "E11",
    "E13",
    "E14",
    "E15",
    "E16",
    "E17",
    "E18",
    "E2",
    "E20",
    "E21",
    "E22",
    "E23",
    "E24",
    "E25",
    "E26",
    "E27",
    "E28",
    "E29",
    "E3",
    "E4",
    "E5",
    "E6",
    "E7",
    "E8",
    "E9"
  ],
  "sampled_sessions": 82954,
  "anomaly_sessions": 1980,
  "flagged_templates_detail": [
    "E11",
    "E16",
    "E18",
    "E2",
    "E21",
    "E22",
    "E23",
    "E25",
    "E26",
    "E28",
    "E3",
    "E4",
    "E5",
    "E6",
    "E9"
  ]
}