{
  "traditional": {
    "precision": 0.1024,
    "recall": 0.1304791029561672,
    "f1": 0.11474675033617213,
    "true_positives": 256,
    "false_positives": 2244,
    "false_negatives": 1706,
    "flagged_lines": 2500,
    "anomaly_lines": 1962,
    "total_lines": 50000
  },
  "template_coverage": {
    "unique_templates_found": 15,
    "unique_templates_total": 22,
    "template_recall": 0.6818181818181818,
    "template_precision": 1.0,
    "template_f1": 0.8108108108108109,
    "found_templates": [
      "E11",
      "E16",
      "E18",
      "E2",
      "E20",
      "E21",
      "E22",
      "E23",
      "E25",
      "E26",
      "E3",
      "E5",
      "E6",
      "E7",
      "E9"
    ],
    "missed_templates": [
      "E10",
      "E13",
      "E14",
      "E15",
      "E27",
      "E29",
      "E8"
    ]
  },
  "rare_detection": {
    "rare_templates_found": 2,
    "rare_templates_total": 9,
    "rare_template_recall": 0.2222222222222222,
    "found_rare": [
      "E2",
      "E7"
    ],
    "missed_rare": [
      "E10",
      "E13",
      "E14",
      "E15",
      "E27",
      "E29",
      "E8"
    ],
    "threshold": 100
  },
  "frequency_weighted_recall": 0.07763278894051984,
  "template_counts": {
    "E5": 2561,
    "E22": 736,
    "E11": 2195,
    "E9": 2192,
    "E26": 2796,
    "E23": 2326,
    "E21": 2536,
    "E20": 471,
    "E13": 75,
    "E25": 355,
    "E18": 355,
    "E6": 359,
    "E16": 353,
    "E2": 47,
    "E14": 3,
    "E7": 5,
    "E10": 2,
    "E8": 1,
    "E15": 2,
    "E27": 22,
    "E29": 2,
    "E3": 203
  },
  "anomaly_templates": [
    "E10",
    "E11",
    "E13",
    "E14",
    "E15",
    "E16",
    "E18",
    "E2",
    "E20",
    "E21",
    "E22",
    "E23",
    "E25",
    "E26",
    "E27",
    "E29",
    "E3",
    "E5",
    "E6",
    "E7",
    "E8",
    "E9"
  ],
  "sampled_sessions": 16653,
  "anomaly_sessions": 736,
  "flagged_templates_detail": [
    "E11",
    "E16",
    "E18",
    "E2",
    "E20",
    "E21",
    "E22",
    "E23",
    "E25",
    "E26",
    "E3",
    "E5",
    "E6",
    "E7",
    "E9"
  ]
}