{
  "template_recall_mean": 0.6010029943396816,
  "template_recall_std": 0.20930691598083193,
  "rare_recall_mean": 0.42817460317460326,
  "rare_recall_std": 0.334782951933813,
  "freq_weighted_mean": 0.35333910691011644,
  "freq_weighted_std": 0.33777094115680967,
  "traditional_f1_mean": 0.05450605438627291,
  "traditional_f1_std": 0.025706846092016754,
  "traditional_precision_mean": 0.04204,
  "traditional_precision_std": 0.024203437772349616,
  "traditional_recall_mean": 0.0957591894012296,
  "traditional_recall_std": 0.04470094632774222,
  "num_runs": 10
}