{
  "leaspy_version": "2.0.0-dev",
  "name": "logistic",
  "features": [
    "E-Cog Subject",
    "E-Cog Study-partner",
    "MMSE",
    "RAVLT",
    "FAQ",
    "FDG PET",
    "Hippocampus volume ratio"
  ],
  "dimension": 7,
  "obs_models": {
    "y": "gaussian-diagonal"
  },
  "hyperparameters": {
    "betas_std": 0.009999999776482582,
    "log_g_std": 0.009999999776482582,
    "log_v0_std": 0.009999999776482582,
    "sources_mean": [
      0.0,
      0.0
    ],
    "sources_std": 1.0,
    "xi_mean": 0.0
  },
  "parameters": {
    "betas_mean": [
      [
        -0.013509521260857582,
        -0.07490315288305283
      ],
      [
        0.033178094774484634,
        0.06326903402805328
      ],
      [
        0.0025622297544032335,
        0.07876072824001312
      ],
      [
        0.045253947377204895,
        0.02108382247388363
      ],
      [
        0.07026966661214828,
        0.09105658531188965
      ],
      [
        -0.07843376696109772,
        0.12308010458946228
      ]
    ],
    "log_g_mean": [
      1.0201778411865234,
      0.3164330720901489,
      1.8107243776321411,
      -0.6521825790405273,
      1.381809949874878,
      -0.24459393322467804,
      0.03657829388976097
    ],
    "log_v0_mean": [
      -4.152715682983398,
      -2.4162063598632812,
      -3.6669223308563232,
      -3.4589483737945557,
      -2.5830576419830322,
      -3.7795472145080566,
      -3.7707912921905518
    ],
    "noise_std": [
      0.17298844456672668,
      0.08435539901256561,
      0.0674661174416542,
      0.09784171730279922,
      0.0685974508523941,
      0.0822504535317421,
      0.04291270300745964
    ],
    "tau_mean": [
      77.15788269042969
    ],
    "tau_std": [
      8.441839218139648
    ],
    "xi_std": [
      0.6068795323371887
    ],
    "mixing_matrix": [
      [
        -0.04417305439710617,
        -0.029084403067827225,
        0.015007591806352139,
        -0.003874790156260133,
        0.01480199582874775,
        0.06636450439691544,
        -0.08226002007722855
      ],
      [
        -0.04912002757191658,
        -0.09222227334976196,
        0.043063607066869736,
        0.07160281389951706,
        -0.012778467498719692,
        0.08671408146619797,
        0.11882534623146057
      ]
    ]
  },
  "fit_metrics": null,
  "source_dimension": 2
}