{
  "traditional": {
    "precision": 0.076,
    "recall": 0.04415011037527594,
    "f1": 0.05585360476225472,
    "true_positives": 760,
    "false_positives": 9240,
    "false_negatives": 16454,
    "flagged_lines": 10000,
    "anomaly_lines": 17214,
    "total_lines": 500000
  },
  "template_coverage": {
    "unique_templates_found": 25,
    "unique_templates_total": 26,
    "template_recall": 0.9615384615384616,
    "template_precision": 1.0,
    "template_f1": 0.9803921568627451,
    "found_templates": [
      "E10",
      "E11",
      "E12",
      "E13",
      "E14",
      "E15",
      "E16",
      "E17",
      "E18",
      "E19",
      "E2",
      "E20",
      "E21",
      "E22",
      "E23",
      "E25",
      "E26",
      "E27",
      "E3",
      "E4",
      "E5",
      "E6",
      "E7",
      "E8",
      "E9"
    ],
    "missed_templates": [
      "E28"
    ]
  },
  "rare_detection": {
    "rare_templates_found": 13,
    "rare_templates_total": 13,
    "rare_template_recall": 1.0,
    "found_rare": [
      "E10",
      "E12",
      "E13",
      "E14",
      "E15",
      "E16",
      "E17",
      "E18",
      "E19",
      "E25",
      "E27",
      "E6",
      "E8"
    ],
    "missed_rare": [],
    "threshold": 100
  },
  "frequency_weighted_recall": 0.9995000845158628,
  "template_counts": {
    "E22": 2373,
    "E5": 5539,
    "E7": 575,
    "E26": 4467,
    "E11": 3799,
    "E9": 3788,
    "E3": 5922,
    "E4": 3413,
    "E23": 3791,
    "E21": 3855,
    "E28": 615,
    "E20": 536,
    "E18": 63,
    "E25": 63,
    "E6": 67,
    "E16": 62,
    "E2": 667,
    "E13": 63,
    "E27": 78,
    "E12": 4,
    "E14": 11,
    "E10": 9,
    "E8": 2,
    "E15": 5,
    "E19": 1,
    "E17": 1
  },
  "anomaly_templates": [
    "E10",
    "E11",
    "E12",
    "E13",
    "E14",
    "E15",
    "E16",
    "E17",
    "E18",
    "E19",
    "E2",
    "E20",
    "E21",
    "E22",
    "E23",
    "E25",
    "E26",
    "E27",
    "E28",
    "E3",
    "E4",
    "E5",
    "E6",
    "E7",
    "E8",
    "E9"
  ],
  "sampled_sessions": 49050,
  "anomaly_sessions": 2373,
  "flagged_templates_detail": [
    "E10",
    "E11",
    "E12",
    "E13",
    "E14",
    "E15",
    "E16",
    "E17",
    "E18",
    "E19",
    "E2",
    "E20",
    "E21",
    "E22",
    "E23",
    "E25",
    "E26",
    "E27",
    "E3",
    "E4",
    "E5",
    "E6",
    "E7",
    "E8",
    "E9"
  ]
}