{
  "traditional": {
    "precision": 0.0463,
    "recall": 0.059252623496288716,
    "f1": 0.0519815875154373,
    "true_positives": 463,
    "false_positives": 9537,
    "false_negatives": 7351,
    "flagged_lines": 10000,
    "anomaly_lines": 7814,
    "total_lines": 250000
  },
  "template_coverage": {
    "unique_templates_found": 18,
    "unique_templates_total": 20,
    "template_recall": 0.9,
    "template_precision": 1.0,
    "template_f1": 0.9473684210526316,
    "found_templates": [
      "E11",
      "E13",
      "E16",
      "E18",
      "E2",
      "E20",
      "E21",
      "E22",
      "E23",
      "E25",
      "E26",
      "E27",
      "E3",
      "E4",
      "E5",
      "E6",
      "E7",
      "E9"
    ],
    "missed_templates": [
      "E17",
      "E29"
    ]
  },
  "rare_detection": {
    "rare_templates_found": 3,
    "rare_templates_total": 5,
    "rare_template_recall": 0.6,
    "found_rare": [
      "E13",
      "E27",
      "E7"
    ],
    "missed_rare": [
      "E17",
      "E29"
    ],
    "threshold": 100
  },
  "frequency_weighted_recall": 0.16911994344943815,
  "template_counts": {
    "E5": 5465,
    "E22": 1248,
    "E11": 3681,
    "E9": 3681,
    "E26": 7116,
    "E2": 433,
    "E3": 3745,
    "E4": 1943,
    "E25": 1756,
    "E18": 1756,
    "E6": 1755,
    "E16": 1741,
    "E21": 5433,
    "E23": 3678,
    "E20": 256,
    "E29": 13,
    "E27": 62,
    "E13": 15,
    "E7": 8,
    "E17": 1
  },
  "anomaly_templates": [
    "E11",
    "E13",
    "E16",
    "E17",
    "E18",
    "E2",
    "E20",
    "E21",
    "E22",
    "E23",
    "E25",
    "E26",
    "E27",
    "E29",
    "E3",
    "E4",
    "E5",
    "E6",
    "E7",
    "E9"
  ],
  "sampled_sessions": 40239,
  "anomaly_sessions": 1248,
  "flagged_templates_detail": [
    "E11",
    "E13",
    "E16",
    "E18",
    "E2",
    "E20",
    "E21",
    "E22",
    "E23",
    "E25",
    "E26",
    "E27",
    "E3",
    "E4",
    "E5",
    "E6",
    "E7",
    "E9"
  ]
}