{
  "traditional": {
    "precision": 0.028,
    "recall": 0.027833001988071572,
    "f1": 0.027916251246261216,
    "true_positives": 28,
    "false_positives": 972,
    "false_negatives": 978,
    "flagged_lines": 1000,
    "anomaly_lines": 1006,
    "total_lines": 50000
  },
  "template_coverage": {
    "unique_templates_found": 8,
    "unique_templates_total": 24,
    "template_recall": 0.3333333333333333,
    "template_precision": 1.0,
    "template_f1": 0.5,
    "found_templates": [
      "E11",
      "E2",
      "E20",
      "E21",
      "E22",
      "E26",
      "E5",
      "E9"
    ],
    "missed_templates": [
      "E10",
      "E13",
      "E14",
      "E15",
      "E16",
      "E17",
      "E18",
      "E23",
      "E24",
      "E25",
      "E27",
      "E3",
      "E4",
      "E6",
      "E7",
      "E8"
    ]
  },
  "rare_detection": {
    "rare_templates_found": 0,
    "rare_templates_total": 9,
    "rare_template_recall": 0.0,
    "found_rare": [],
    "missed_rare": [
      "E10",
      "E13",
      "E14",
      "E15",
      "E17",
      "E24",
      "E27",
      "E7",
      "E8"
    ],
    "threshold": 100
  },
  "frequency_weighted_recall": 0.0023349299279776495,
  "template_counts": {
    "E22": 624,
    "E5": 2089,
    "E26": 2098,
    "E11": 1874,
    "E9": 1871,
    "E4": 670,
    "E3": 318,
    "E2": 513,
    "E23": 1888,
    "E21": 2083,
    "E20": 330,
    "E25": 208,
    "E18": 208,
    "E16": 204,
    "E6": 212,
    "E27": 70,
    "E13": 99,
    "E7": 6,
    "E17": 3,
    "E14": 3,
    "E10": 2,
    "E15": 2,
    "E8": 1,
    "E24": 1
  },
  "anomaly_templates": [
    "E10",
    "E11",
    "E13",
    "E14",
    "E15",
    "E16",
    "E17",
    "E18",
    "E2",
    "E20",
    "E21",
    "E22",
    "E23",
    "E24",
    "E25",
    "E26",
    "E27",
    "E3",
    "E4",
    "E5",
    "E6",
    "E7",
    "E8",
    "E9"
  ],
  "sampled_sessions": 31269,
  "anomaly_sessions": 624,
  "flagged_templates_detail": [
    "E11",
    "E2",
    "E20",
    "E21",
    "E22",
    "E26",
    "E5",
    "E9"
  ]
}