{
  "traditional": {
    "precision": 0.0347,
    "recall": 0.15119825708061002,
    "f1": 0.05644570963806425,
    "true_positives": 347,
    "false_positives": 9653,
    "false_negatives": 1948,
    "flagged_lines": 10000,
    "anomaly_lines": 2295,
    "total_lines": 250000
  },
  "template_coverage": {
    "unique_templates_found": 23,
    "unique_templates_total": 24,
    "template_recall": 0.9583333333333334,
    "template_precision": 1.0,
    "template_f1": 0.9787234042553191,
    "found_templates": [
      "E10",
      "E11",
      "E12",
      "E13",
      "E14",
      "E15",
      "E16",
      "E18",
      "E2",
      "E20",
      "E21",
      "E22",
      "E23",
      "E25",
      "E26",
      "E27",
      "E28",
      "E3",
      "E5",
      "E6",
      "E7",
      "E8",
      "E9"
    ],
    "missed_templates": [
      "E29"
    ]
  },
  "rare_detection": {
    "rare_templates_found": 10,
    "rare_templates_total": 11,
    "rare_template_recall": 0.9090909090909091,
    "found_rare": [
      "E10",
      "E12",
      "E13",
      "E14",
      "E15",
      "E2",
      "E27",
      "E28",
      "E7",
      "E8"
    ],
    "missed_rare": [
      "E29"
    ],
    "threshold": 100
  },
  "frequency_weighted_recall": 0.7987602725761036,
  "template_counts": {
    "E5": 1043,
    "E22": 342,
    "E25": 104,
    "E11": 842,
    "E9": 839,
    "E26": 965,
    "E18": 104,
    "E16": 103,
    "E6": 107,
    "E21": 946,
    "E23": 898,
    "E20": 169,
    "E2": 7,
    "E13": 18,
    "E27": 59,
    "E28": 3,
    "E7": 35,
    "E29": 1,
    "E14": 3,
    "E10": 2,
    "E15": 2,
    "E12": 1,
    "E8": 1,
    "E3": 203
  },
  "anomaly_templates": [
    "E10",
    "E11",
    "E12",
    "E13",
    "E14",
    "E15",
    "E16",
    "E18",
    "E2",
    "E20",
    "E21",
    "E22",
    "E23",
    "E25",
    "E26",
    "E27",
    "E28",
    "E29",
    "E3",
    "E5",
    "E6",
    "E7",
    "E8",
    "E9"
  ],
  "sampled_sessions": 37168,
  "anomaly_sessions": 342,
  "flagged_templates_detail": [
    "E10",
    "E11",
    "E12",
    "E13",
    "E14",
    "E15",
    "E16",
    "E18",
    "E2",
    "E20",
    "E21",
    "E22",
    "E23",
    "E25",
    "E26",
    "E27",
    "E28",
    "E3",
    "E5",
    "E6",
    "E7",
    "E8",
    "E9"
  ]
}