{
  "traditional": {
    "precision": 0.0235,
    "recall": 0.08639705882352941,
    "f1": 0.036949685534591194,
    "true_positives": 47,
    "false_positives": 1953,
    "false_negatives": 497,
    "flagged_lines": 2000,
    "anomaly_lines": 544,
    "total_lines": 100000
  },
  "template_coverage": {
    "unique_templates_found": 13,
    "unique_templates_total": 22,
    "template_recall": 0.5909090909090909,
    "template_precision": 1.0,
    "template_f1": 0.7428571428571429,
    "found_templates": [
      "E11",
      "E16",
      "E18",
      "E2",
      "E21",
      "E22",
      "E25",
      "E26",
      "E27",
      "E5",
      "E6",
      "E7",
      "E9"
    ],
    "missed_templates": [
      "E10",
      "E12",
      "E14",
      "E15",
      "E20",
      "E23",
      "E28",
      "E29",
      "E8"
    ]
  },
  "rare_detection": {
    "rare_templates_found": 11,
    "rare_templates_total": 20,
    "rare_template_recall": 0.55,
    "found_rare": [
      "E11",
      "E16",
      "E18",
      "E2",
      "E21",
      "E25",
      "E26",
      "E27",
      "E6",
      "E7",
      "E9"
    ],
    "missed_rare": [
      "E10",
      "E12",
      "E14",
      "E15",
      "E20",
      "E23",
      "E28",
      "E29",
      "E8"
    ],
    "threshold": 100
  },
  "frequency_weighted_recall": 0.10352414403461081,
  "template_counts": {
    "E22": 137,
    "E5": 257,
    "E9": 61,
    "E26": 81,
    "E11": 63,
    "E2": 10,
    "E23": 27,
    "E21": 36,
    "E20": 5,
    "E25": 13,
    "E18": 13,
    "E16": 10,
    "E6": 11,
    "E29": 3,
    "E7": 67,
    "E10": 1,
    "E12": 1,
    "E14": 2,
    "E8": 1,
    "E15": 1,
    "E28": 2,
    "E27": 10
  },
  "anomaly_templates": [
    "E10",
    "E11",
    "E12",
    "E14",
    "E15",
    "E16",
    "E18",
    "E2",
    "E20",
    "E21",
    "E22",
    "E23",
    "E25",
    "E26",
    "E27",
    "E28",
    "E29",
    "E5",
    "E6",
    "E7",
    "E8",
    "E9"
  ],
  "sampled_sessions": 8590,
  "anomaly_sessions": 137,
  "flagged_templates_detail": [
    "E11",
    "E16",
    "E18",
    "E2",
    "E21",
    "E22",
    "E25",
    "E26",
    "E27",
    "E5",
    "E6",
    "E7",
    "E9"
  ]
}