{
  "traditional": {
    "precision": 0.08315,
    "recall": 0.06758788864052022,
    "f1": 0.07456563165564399,
    "true_positives": 1663,
    "false_positives": 18337,
    "false_negatives": 22942,
    "flagged_lines": 20000,
    "anomaly_lines": 24605,
    "total_lines": 1000000
  },
  "template_coverage": {
    "unique_templates_found": 22,
    "unique_templates_total": 27,
    "template_recall": 0.8148148148148148,
    "template_precision": 1.0,
    "template_f1": 0.8979591836734693,
    "found_templates": [
      "E10",
      "E11",
      "E13",
      "E14",
      "E16",
      "E18",
      "E2",
      "E20",
      "E21",
      "E22",
      "E23",
      "E25",
      "E26",
      "E27",
      "E28",
      "E29",
      "E3",
      "E5",
      "E6",
      "E7",
      "E8",
      "E9"
    ],
    "missed_templates": [
      "E1",
      "E12",
      "E15",
      "E17",
      "E19"
    ]
  },
  "rare_detection": {
    "rare_templates_found": 5,
    "rare_templates_total": 10,
    "rare_template_recall": 0.5,
    "found_rare": [
      "E10",
      "E14",
      "E28",
      "E29",
      "E8"
    ],
    "missed_rare": [
      "E1",
      "E12",
      "E15",
      "E17",
      "E19"
    ],
    "threshold": 100
  },
  "frequency_weighted_recall": 0.13794788981923173,
  "template_counts": {
    "E5": 11797,
    "E22": 3588,
    "E11": 9643,
    "E9": 9569,
    "E26": 12091,
    "E23": 9660,
    "E21": 10655,
    "E20": 1971,
    "E25": 1554,
    "E18": 1554,
    "E6": 1545,
    "E16": 1522,
    "E7": 284,
    "E2": 136,
    "E13": 471,
    "E27": 181,
    "E14": 66,
    "E10": 49,
    "E15": 40,
    "E8": 21,
    "E29": 26,
    "E28": 8,
    "E12": 16,
    "E1": 8,
    "E3": 203,
    "E19": 2,
    "E17": 1
  },
  "anomaly_templates": [
    "E1",
    "E10",
    "E11",
    "E12",
    "E13",
    "E14",
    "E15",
    "E16",
    "E17",
    "E18",
    "E19",
    "E2",
    "E20",
    "E21",
    "E22",
    "E23",
    "E25",
    "E26",
    "E27",
    "E28",
    "E29",
    "E3",
    "E5",
    "E6",
    "E7",
    "E8",
    "E9"
  ],
  "sampled_sessions": 121203,
  "anomaly_sessions": 3588,
  "flagged_templates_detail": [
    "E10",
    "E11",
    "E13",
    "E14",
    "E16",
    "E18",
    "E2",
    "E20",
    "E21",
    "E22",
    "E23",
    "E25",
    "E26",
    "E27",
    "E28",
    "E29",
    "E3",
    "E5",
    "E6",
    "E7",
    "E8",
    "E9"
  ]
}