{
  "traditional": {
    "precision": 0.04300860172034407,
    "recall": 0.06479807112718505,
    "f1": 0.051701334615847055,
    "true_positives": 215,
    "false_positives": 4784,
    "false_negatives": 3103,
    "flagged_lines": 4999,
    "anomaly_lines": 3318,
    "total_lines": 100000
  },
  "template_coverage": {
    "unique_templates_found": 14,
    "unique_templates_total": 20,
    "template_recall": 0.7,
    "template_precision": 1.0,
    "template_f1": 0.8235294117647058,
    "found_templates": [
      "E11",
      "E16",
      "E18",
      "E2",
      "E21",
      "E22",
      "E23",
      "E25",
      "E26",
      "E3",
      "E4",
      "E5",
      "E6",
      "E9"
    ],
    "missed_templates": [
      "E13",
      "E17",
      "E20",
      "E27",
      "E29",
      "E7"
    ]
  },
  "rare_detection": {
    "rare_templates_found": 0,
    "rare_templates_total": 5,
    "rare_template_recall": 0.0,
    "found_rare": [],
    "missed_rare": [
      "E13",
      "E17",
      "E27",
      "E29",
      "E7"
    ],
    "threshold": 100
  },
  "frequency_weighted_recall": 0.004123308571615241,
  "template_counts": {
    "E5": 4363,
    "E22": 975,
    "E11": 2925,
    "E9": 2925,
    "E26": 5772,
    "E3": 3189,
    "E4": 1651,
    "E23": 2925,
    "E21": 4362,
    "E20": 204,
    "E25": 1440,
    "E18": 1440,
    "E16": 1427,
    "E6": 1437,
    "E2": 355,
    "E27": 42,
    "E29": 12,
    "E13": 9,
    "E17": 1,
    "E7": 1
  },
  "anomaly_templates": [
    "E11",
    "E13",
    "E16",
    "E17",
    "E18",
    "E2",
    "E20",
    "E21",
    "E22",
    "E23",
    "E25",
    "E26",
    "E27",
    "E29",
    "E3",
    "E4",
    "E5",
    "E6",
    "E7",
    "E9"
  ],
  "sampled_sessions": 28431,
  "anomaly_sessions": 975,
  "flagged_templates_detail": [
    "E11",
    "E16",
    "E18",
    "E2",
    "E21",
    "E22",
    "E23",
    "E25",
    "E26",
    "E3",
    "E4",
    "E5",
    "E6",
    "E9"
  ]
}