{
  "traditional": {
    "precision": 0.0442,
    "recall": 0.033022039596563316,
    "f1": 0.037802009835364546,
    "true_positives": 442,
    "false_positives": 9558,
    "false_negatives": 12943,
    "flagged_lines": 10000,
    "anomaly_lines": 13385,
    "total_lines": 500000
  },
  "template_coverage": {
    "unique_templates_found": 22,
    "unique_templates_total": 23,
    "template_recall": 0.9565217391304348,
    "template_precision": 1.0,
    "template_f1": 0.9777777777777777,
    "found_templates": [
      "E10",
      "E11",
      "E12",
      "E13",
      "E14",
      "E15",
      "E16",
      "E18",
      "E2",
      "E20",
      "E21",
      "E22",
      "E23",
      "E25",
      "E26",
      "E27",
      "E28",
      "E3",
      "E5",
      "E6",
      "E7",
      "E9"
    ],
    "missed_templates": [
      "E4"
    ]
  },
  "rare_detection": {
    "rare_templates_found": 10,
    "rare_templates_total": 10,
    "rare_template_recall": 1.0,
    "found_rare": [
      "E10",
      "E12",
      "E13",
      "E14",
      "E15",
      "E16",
      "E18",
      "E25",
      "E27",
      "E6"
    ],
    "missed_rare": [],
    "threshold": 100
  },
  "frequency_weighted_recall": 0.9994436525503819,
  "template_counts": {
    "E22": 1816,
    "E5": 4206,
    "E26": 3378,
    "E11": 2870,
    "E9": 2867,
    "E3": 1086,
    "E4": 721,
    "E23": 2865,
    "E21": 2884,
    "E28": 497,
    "E20": 370,
    "E7": 462,
    "E2": 496,
    "E27": 93,
    "E13": 18,
    "E25": 16,
    "E18": 16,
    "E16": 16,
    "E6": 17,
    "E10": 3,
    "E14": 3,
    "E12": 1,
    "E15": 2
  },
  "anomaly_templates": [
    "E10",
    "E11",
    "E12",
    "E13",
    "E14",
    "E15",
    "E16",
    "E18",
    "E2",
    "E20",
    "E21",
    "E22",
    "E23",
    "E25",
    "E26",
    "E27",
    "E28",
    "E3",
    "E4",
    "E5",
    "E6",
    "E7",
    "E9"
  ],
  "sampled_sessions": 44368,
  "anomaly_sessions": 1816,
  "flagged_templates_detail": [
    "E10",
    "E11",
    "E12",
    "E13",
    "E14",
    "E15",
    "E16",
    "E18",
    "E2",
    "E20",
    "E21",
    "E22",
    "E23",
    "E25",
    "E26",
    "E27",
    "E28",
    "E3",
    "E5",
    "E6",
    "E7",
    "E9"
  ]
}