{
  "traditional": {
    "precision": 0.085,
    "recall": 0.1640926640926641,
    "f1": 0.11198945981554677,
    "true_positives": 170,
    "false_positives": 1830,
    "false_negatives": 866,
    "flagged_lines": 2000,
    "anomaly_lines": 1036,
    "total_lines": 100000
  },
  "template_coverage": {
    "unique_templates_found": 22,
    "unique_templates_total": 23,
    "template_recall": 0.9565217391304348,
    "template_precision": 1.0,
    "template_f1": 0.9777777777777777,
    "found_templates": [
      "E10",
      "E11",
      "E12",
      "E13",
      "E14",
      "E15",
      "E16",
      "E18",
      "E2",
      "E20",
      "E21",
      "E22",
      "E23",
      "E25",
      "E26",
      "E27",
      "E28",
      "E5",
      "E6",
      "E7",
      "E8",
      "E9"
    ],
    "missed_templates": [
      "E3"
    ]
  },
  "rare_detection": {
    "rare_templates_found": 15,
    "rare_templates_total": 15,
    "rare_template_recall": 1.0,
    "found_rare": [
      "E10",
      "E12",
      "E13",
      "E14",
      "E15",
      "E16",
      "E18",
      "E2",
      "E20",
      "E25",
      "E27",
      "E28",
      "E6",
      "E7",
      "E8"
    ],
    "missed_rare": [],
    "threshold": 100
  },
  "frequency_weighted_recall": 0.998825890329305,
  "template_counts": {
    "E5": 450,
    "E22": 162,
    "E11": 326,
    "E9": 323,
    "E26": 365,
    "E23": 346,
    "E21": 364,
    "E20": 65,
    "E27": 25,
    "E25": 38,
    "E18": 38,
    "E16": 38,
    "E6": 41,
    "E7": 32,
    "E14": 3,
    "E10": 2,
    "E15": 2,
    "E12": 1,
    "E8": 1,
    "E13": 9,
    "E2": 5,
    "E3": 203,
    "E28": 3
  },
  "anomaly_templates": [
    "E10",
    "E11",
    "E12",
    "E13",
    "E14",
    "E15",
    "E16",
    "E18",
    "E2",
    "E20",
    "E21",
    "E22",
    "E23",
    "E25",
    "E26",
    "E27",
    "E28",
    "E3",
    "E5",
    "E6",
    "E7",
    "E8",
    "E9"
  ],
  "sampled_sessions": 15388,
  "anomaly_sessions": 162,
  "flagged_templates_detail": [
    "E10",
    "E11",
    "E12",
    "E13",
    "E14",
    "E15",
    "E16",
    "E18",
    "E2",
    "E20",
    "E21",
    "E22",
    "E23",
    "E25",
    "E26",
    "E27",
    "E28",
    "E5",
    "E6",
    "E7",
    "E8",
    "E9"
  ]
}